id;address_1;address_2;city;postcode;country
1;Dale;Specialist generating;Bartellberg;Licensed P;Ma
2;interface;compress lavender Investment Account;Lake Amelyville;relationsh;Bu
3;Frozen Analyst card;redundant;South Ibrahim;Gorgeous E;Sp
4;Saudi Riyal paradigms;Corporate;East Dax;Handmade T;Un
5;invoice;alarm Jamaica;Morganbury;Organic;Gu
6;hack;leading-edge;North Aurelietown;JBOD;Ph
7;Bridge;connect;Kozeyborough;Light;Ni
8;Generic Frozen Tuna HTTP;implement;Torreyport;EXE paymen;Ca
9;Tasty Metal Sausages Outdoors;invoice multi-byte;Gilbertmouth;Granite ha;So
10;Investment Account parsing invoice;black;East Baronbury;Ergonomic ;Gr
