id;first_name;last_name;email;telephone
1;Bessie;Ebert;Kara.Terry22@hotmail.com;(189) 555-2290 x9859
2;Shany;Nader;Eulalia_Gottlieb@gmail.com;1-888-847-8680 x9178
3;Marcella;Moen;Adelbert94@yahoo.com;(902) 135-4646 x9217
4;Aida;Feil;Eric.Daugherty64@yahoo.com;1-876-355-0536 x2225
5;Watson;Wolff;Jeanne_Toy43@yahoo.com;356.564.8127 x4250
6;Odell;Nolan;Charlie.Ziemann95@gmail.com;(983) 709-9345
7;Vita;Marquardt;Wilhelmine29@hotmail.com;1-318-234-1353
8;Tremayne;Sporer;Tod9@hotmail.com;669-312-5283
9;Name;Stanton;Bridie.Prohaska55@hotmail.com;(284) 828-6905
10;Abigayle;Kutch;Pierre.Dietrich@yahoo.com;1-370-883-0350 x4560
